{
  "home": {
    "name": "Trials",
    "path": "/"
  },
  "signup": {
    "name": "Signup",
    "path": "/signup"
  },
  "login": {
    "name": "Login",
    "path": "/login"
  },
  "forgotPassword": {
    "name": "Forgot Password",
    "path": "/forgot-password"
  },
  "trial": {
    "name": "Trial Screen",
    "path": "/trial/:id"
  },
  "profile": {
    "name": "Profile Page",
    "path": "/profile"
  },
  "contact": {
    "name": "Contact Us",
    "path": "/contact-us"
  },
  "activateSession": {
    "name": "Activate Session",
    "path": "/activate"
  },
  "sessionActivated": {
    "name": "Session Activated",
    "path": "/activated"
  }
}
